-36; 1784; 18248; -3760; 329; -127; -353; 
-248; 1612; 18272; -3792; 392; 80; -283; 
-172; 1612; 18344; -3776; 362; 33; -306; 
-72; 1584; 18340; -3776; 332; -41; -322; 
-60; 1660; 18312; -3792; 353; -48; -283; 
-148; 1688; 18460; -3760; 331; -35; -329; 
-180; 1616; 18308; -3792; 342; -25; -314; 
-192; 1600; 18468; -3776; 340; -11; -289; 
-72; 1664; 18248; -3792; 332; -18; -310; 
-116; 1588; 18416; -3776; 346; 5; -295; 
-384; 1352; 18268; -3760; 346; -38; -297; 
-56; 1624; 18528; -3792; 312; -10; -312; 
-120; 1588; 18180; -3776; 338; -29; -326; 
-88; 1632; 18264; -3792; 344; -14; -330; 
-68; 1580; 18312; -3776; 323; -40; -306; 
-172; 1608; 18480; -3792; 352; -21; -310; 
-68; 1620; 18232; -3776; 332; -30; -320; 
-44; 1600; 18388; -3792; 338; 248; -323; 
16; 1616; 18284; -3808; 345; -18; -311; 
-172; 1564; 18316; -3808; 339; -12; -326; 
-88; 1568; 18648; -3792; 307; -54; -301; 
-168; 1692; 18352; -3744; 368; 254; -309; 
-148; 1648; 18252; -3808; 348; -32; -321; 
-88; 1576; 18344; -3792; 351; 1; -306; 
-56; 1528; 18340; -3776; 323; -48; -312; 
-172; 1588; 18340; -3776; 330; -26; -312; 
-28; 1624; 18280; -3792; 353; -46; -317; 
-124; 1628; 18380; -3824; 348; -18; -318; 
-100; 1692; 18404; -3776; 339; -21; -302; 
-184; 1600; 18224; -3792; 343; -14; -301; 
-168; 1720; 18364; -3776; 336; -32; -313; 
-36; 1692; 18448; -3776; 337; -18; -335; 
-152; 1696; 18356; -3792; 361; -17; -320; 
-140; 1592; 18276; -3776; 354; -20; -313; 
-144; 1488; 18468; -3824; 296; -44; -286; 
-156; 1556; 18180; -3760; 326; -24; -289; 
-156; 1684; 18308; -3776; 296; -75; -298; 
-132; 1580; 18436; -3776; 352; 253; -288; 
-144; 1688; 18288; -3792; 350; -24; -334; 
-4; 1524; 18324; -3808; 338; -28; -317; 
-164; 1636; 18316; -3760; 349; -12; -297; 
-60; 1576; 18392; -3808; 287; -54; -279; 
-12; 1600; 18312; -3776; 357; -26; -291; 
-76; 1584; 18252; -3760; 353; -23; -310; 
-220; 1336; 18184; -3776; 323; -19; -297; 
-48; 1776; 18668; -3792; 346; -20; -305; 
-88; 1284; 18440; -3776; 357; -17; -330; 
-148; 1560; 18136; -3792; 337; -36; -324; 
-80; 1632; 18332; -3776; 333; -28; -333; 
-108; 1552; 18420; -3808; 344; -25; -325; 
-72; 1556; 18316; -3776; 340; -13; -299; 
-184; 1564; 18352; -3792; 353; -23; -294; 
-36; 1588; 18400; -3808; 355; 1; -305; 
-92; 1640; 18372; -3808; 320; -34; -318; 
-88; 1760; 18156; -3808; 340; -9; -308; 
-96; 1628; 18328; -3840; 354; -28; -335; 
-140; 1300; 18372; -3776; 305; -54; -300; 
-188; 1664; 18264; -3792; 340; -27; -308; 
-108; 1628; 18400; -3776; 300; -16; -304; 
-84; 1656; 18364; -3760; 350; -8; -322; 
-108; 1724; 18400; -3776; 374; -18; -292; 
0; 1576; 18408; -3792; 330; -30; -307; 
1504; -20; 19184; -3792; 5387; -2057; -12688; 
196; 2536; 17748; -3808; 2585; 74; -2583; 
280; 1912; 18296; -3792; -666; -229; 634; 
156; 1988; 18288; -3776; 934; 25; -932; 
252; 1880; 18188; -3808; 219; -118; -189; 
168; 1580; 18596; -3808; 714; -187; -407; 
264; 1964; 18280; -3792; 408; -48; -328; 
232; 1956; 18332; -3808; 389; -42; -401; 
176; 2044; 18368; -3808; 366; -39; -354; 
224; 1940; 18284; -3792; 393; -23; -350; 
480; 1860; 18420; -3840; 353; -58; -366; 
300; 1872; 18228; -3792; 345; -13; -355; 
248; 1732; 18768; -3808; -1267; -250; 1048; 
144; 1524; 18468; -3776; -524; -402; 1745; 
36; 972; 18576; -3824; -251; -848; 1723; 
788; 1992; 18948; -3776; 1246; -2319; 2629; 
2056; 1592; 18304; -3824; 392; -7651; 1797; 
3232; 2072; 18036; -3776; 983; -5137; 337; 
4524; 2040; 18100; -3792; -894; -5875; 1621; 
5912; 1900; 17768; -3808; -858; -6903; 919; 
7388; 2720; 17340; -3776; 4001; -6791; -1903; 
8656; 2236; 16180; -3776; 390; -8004; 307; 
10176; 2200; 14628; -3776; 1091; -7720; 43; 
11596; 2292; 13856; -3808; -191; -6164; -194; 
12688; 2204; 12904; -3808; -53; -6587; -368; 
13072; 2460; 11648; -3808; 2115; -5660; -1485; 
14480; 2484; 10880; -3776; 736; -6518; 461; 
14828; 2536; 9336; -3792; 450; -5593; -163; 
15284; 2148; 8148; -3792; 917; -4921; 610; 
15876; 1084; 6760; -3808; -1583; -5365; 3191; 
16016; 1584; 5864; -3760; 814; -4099; 1069; 
16456; 468; 5256; -3824; 398; -3313; -132; 
15980; 924; 4824; -3808; -1170; -1457; -161; 
16484; 1148; 5108; -3824; -2451; -1029; 320; 
16348; 1148; 4076; -3776; 1040; -1694; 56; 
16976; 1236; 3472; -3792; 2064; -2087; -318; 
16880; 668; 3152; -3792; 31; -3985; -1491; 
16364; 916; 2084; -3808; -2233; -2369; -4300; 
16452; 2032; 1972; -3824; 610; 381; 553; 
16964; 2084; 1964; -3776; -211; -443; -143; 
16892; 1100; 1608; -3792; 1043; -3008; 1210; 
16896; 964; 816; -3776; 1474; -3669; -316; 
16648; 140; 468; -3792; 1139; -4269; 1263; 
17000; 1084; -816; -3808; 589; -5565; 1550; 
16036; 516; -2124; -3776; 327; -3827; 100; 
15868; 976; -2852; -3792; -1837; -164; -1347; 
20204; 5148; 1456; -3776; 328; -805; -3863; 
16072; 524; -2916; -3824; 1490; -944; -2463; 
16284; 1488; -3172; -3760; -1458; -3641; 842; 
16332; 464; -3644; -3776; -939; -5127; 2766; 
15824; 448; -5284; -3840; -1839; -4559; 1938; 
15172; 608; -5900; -3776; -3105; -5527; 2284; 
14552; 148; -6976; -3776; -270; -4942; 2077; 
13512; 244; -7720; -3776; 617; -4087; -106; 
12804; 176; -8728; -3792; 320; -5466; 945; 
12240; 60; -9676; -3776; 695; -4847; 827; 
11312; -312; -10568; -3792; 1548; -5222; -790; 
10160; -104; -10760; -3808; -627; -5021; -65; 
9952; -208; -12092; -3808; -1705; -3741; -227; 
8656; 112; -12496; -3744; 443; -3318; 26; 
8760; 452; -12748; -3824; 1635; -2047; -1020; 
7876; -292; -13248; -3776; 763; -3006; -968; 
7008; -488; -13712; -3776; 346; -2818; -1958; 
6464; -212; -13984; -3808; 2; -2539; -1497; 
6120; -116; -14028; -3792; 462; -803; -587; 
5640; 60; -13940; -3792; 1131; 462; 177; 
6244; -292; -13968; -3808; 1337; 286; 1309; 
6300; -368; -13740; -3808; 2467; 1091; 1711; 
6320; -1308; -13544; -3792; 2818; 1860; 1948; 
6856; -2552; -13480; -3776; 3714; 1601; 2849; 
7152; -3324; -12844; -3792; 3733; 1259; 2002; 
7152; -4536; -12688; -3776; 4321; 708; 2763; 
7016; -5928; -12484; -3792; 4846; -526; 1386; 
6392; -6728; -11896; -3776; 5199; -336; 1705; 
6324; -8224; -11808; -3792; 4048; -1062; 1202; 
6100; -8564; -11400; -3792; 4510; -352; 1350; 
5504; -9804; -10792; -3776; 4346; -2497; 1022; 
4964; -9924; -10984; -3808; 3646; -3304; 804; 
4120; -11436; -10356; -3824; 2877; -3225; 957; 
3924; -11048; -9596; -3808; 2323; -2205; 92; 
3208; -11400; -9636; -3792; 3763; -3587; -636; 
2540; -12532; -9552; -3776; 4102; -3826; -483; 
2824; -12600; -9172; -3760; 2332; 608; -285; 
2608; -12656; -8724; -3808; 60; 368; 347; 
2888; -12956; -8564; -3776; -72; -65; -217; 
2836; -13568; -7860; -3824; 279; -43; -34; 
2708; -12884; -8340; -3776; 400; 13; -909; 
3228; -13160; -8740; -3808; -4670; 2929; 1833; 
3004; -12652; -9420; -3808; -6555; -1426; -4612; 
3216; -10020; -10552; -3760; -7980; -196; -3382; 
3796; -8876; -11888; -3776; -7853; 160; -2850; 
4384; -6764; -12772; -3776; -7688; 2521; -1510; 
4724; -3764; -13516; -3760; -7467; -790; -3033; 
4708; -2892; -13760; -3808; -6389; 482; -974; 
5412; -2520; -14096; -3808; -7249; -304; -2248; 
5132; -296; -15336; -3792; -6383; -296; -685; 
5200; 544; -14668; -3808; -5168; -647; -2294; 
4944; 2476; -14364; -3808; -4035; 799; -2169; 
4968; 2876; -14276; -3824; -4068; 771; -2335; 
4476; 4788; -13856; -3808; -3892; 714; -1829; 
4904; 5824; -12904; -3792; -4050; 1392; -1387; 
5240; 6324; -12844; -3808; -4408; -1000; -2315; 
5084; 6992; -12436; -3792; -5583; -66; -3; 
5196; 9264; -11544; -3808; -5336; 221; -1306; 
4156; 8232; -11284; -3760; -5431; -1186; -1648; 
4528; 9896; -11096; -3776; -4541; -785; -1113; 
4332; 12960; -8620; -3776; -4665; 710; -1936; 
4392; 12016; -9256; -3776; -5075; -1105; -3434; 
3124; 13084; -7788; -3824; -4666; -855; -1470; 
3192; 13864; -6984; -3808; -3127; -45; -1690; 
2604; 14484; -6180; -3824; -2651; 499; -1685; 
2152; 14752; -5400; -3776; -3536; -664; -794; 
2544; 15184; -5084; -3808; -3984; -353; 96; 
2292; 15804; -3984; -3792; -2569; 415; -953; 
2076; 15680; -3408; -3808; -2490; 404; -1070; 
2016; 15200; -2896; -3808; -2525; -540; -1237; 
1868; 16240; -2172; -3792; -2252; 316; -1106; 
1636; 15844; -1584; -3808; -2917; 805; -30; 
1308; 16168; -732; -3792; -2630; -810; -325; 
1292; 16452; 48; -3776; -2601; 1306; 504; 
1224; 16908; 788; -3792; -458; 237; -295; 
1816; 16508; 132; -3808; 266; 466; -346; 
1556; 16408; -116; -3824; 4752; 889; 1481; 
2288; 15948; -1448; -3776; 8689; 2112; 2589; 
3176; 15008; -3860; -3776; 9955; 3998; 5847; 
4288; 14264; -5648; -3776; 11275; 5233; 2851; 
6000; 12516; -6936; -3792; 10357; 7120; 7249; 
7544; 10460; -7808; -3808; 6130; 4679; 5052; 
8984; 10528; -8000; -3792; 1769; 5323; 3135; 
10768; 9916; -7024; -3808; -559; 6367; 3747; 
12108; 9832; -6044; -3776; 549; 9207; 530; 
12920; 8588; -4340; -3808; 757; 8304; 1045; 
14828; 9384; -2064; -3776; 565; 9075; 465; 
14856; 8264; -252; -3840; 866; 11106; 3160; 
16128; 7476; 1624; -3792; -675; 8238; 3627; 
15812; 6380; 3528; -3776; 1101; 7472; 2580; 
15920; 5708; 4872; -3808; 1054; 7764; 1282; 
15552; 5292; 6256; -3824; -876; 7036; 3274; 
15184; 4084; 8356; -3808; 350; 7579; 1385; 
15204; 3436; 8780; -3808; -339; 6694; 918; 
14328; 2996; 10368; -3792; -1349; 6074; 2208; 
13900; 1856; 11472; -3808; 927; 5138; 1407; 
13548; 1824; 12980; -3824; 1645; 5824; 551; 
12324; 1820; 13376; -3808; 1540; 6025; 1425; 
11316; 1880; 14864; -3792; 3349; 5312; 626; 
10100; 1760; 14736; -3776; 1542; 4133; 877; 
10212; 2460; 15104; -3808; 3863; 4302; -303; 
8656; 2644; 15908; -3760; 3575; 3854; -2430; 
8084; 3388; 15860; -3776; 917; 1543; -838; 
6964; 3644; 16716; -3792; 393; -154; 1193; 
7324; 3068; 16868; -3776; 2063; 5049; -260; 
6684; 3476; 16724; -3824; 1107; 3263; -878; 
5952; 3244; 17196; -3776; -83; 3858; 1618; 
5356; 3028; 17372; -3808; -1088; 1121; 1294; 
5320; 2308; 17504; -3808; -1951; 383; 1307; 
4860; 2252; 17392; -3808; -2086; 2480; 1880; 
4452; 1432; 18084; -3808; -761; -424; 2073; 
4228; 1216; 17520; -3808; -40; 2533; 2969; 
3916; 1192; 18000; -3792; 76; 1521; 3898; 
3300; 536; 18472; -3808; -1128; 3974; 4694; 
2948; 208; 17968; -3792; -1404; 590; 6370; 
2596; 28; 17952; -3792; 79; -1349; 3340; 
2088; -48; 18224; -3808; -14; 157; 2598; 
2020; -132; 18420; -3808; 1147; 1428; -455; 
2044; -764; 18148; -3792; -184; 1034; 3197; 
2628; -696; 18120; -3792; 3069; -206; -692; 
2192; -732; 18220; -3776; 1917; 571; 831; 
2016; -228; 18512; -3760; 1217; -878; 1199; 
2624; -276; 18432; -3776; 1203; -851; 1376; 
2680; -372; 18260; -3776; 1071; 772; 2111; 
1832; 96; 18228; -3792; 605; 989; 1861; 
1864; 52; 18172; -3792; 500; 422; 3174; 
1684; -112; 18212; -3776; -763; 1233; 3815; 
1448; -500; 18372; -3808; 826; 110; 2525; 
1304; -180; 18576; -3776; 845; 528; 3201; 
1236; -80; 18280; -3792; 1574; 620; 2162; 
1148; 160; 18216; -3808; 1084; 264; 3169; 
1080; 20; 18264; -3792; 2456; 44; 1374; 
948; -24; 18264; -3744; -109; 139; 6526; 
848; 692; 18404; -3776; 3188; -1084; 834; 
812; 696; 18448; -3824; 933; 320; 3136; 
1112; 832; 18316; -3776; -127; 626; 4509; 
276; 472; 18224; -3792; -369; 198; 4262; 
1020; 548; 18604; -3776; 1417; 192; -972; 
1168; 1276; 18324; -3776; 2713; -1540; -6687; 
320; 1716; 18496; -3776; 2953; -1066; -9983; 
2096; 2620; 19112; -3808; 1195; -3544; -2269; 
2744; 2244; 18464; -3792; 2575; -8146; -1653; 
4296; 3424; 16716; -3808; 3422; -7117; -2704; 
5808; 4164; 16620; -3808; 1045; -6288; -2500; 
7412; 4688; 16044; -3760; -313; -6452; -2193; 
8568; 4588; 16120; -3776; 1217; -8741; -4312; 
10332; 4944; 14952; -3808; 651; -11357; -1837; 
11996; 5360; 12748; -3792; -461; -12963; -807; 
13392; 4776; 9868; -3808; -849; -11905; -756; 
15024; 4116; 8644; -3808; -2325; -6787; -1140; 
15604; 4340; 7252; -3792; -2500; -6542; 1680; 
16888; 2204; 5448; -3776; -2379; -8191; 4831; 
16140; 1752; 3700; -3776; -6687; -5089; 3281; 
16156; 1432; 1928; -3824; -3368; -5546; 2165; 
16220; 1052; 1504; -3824; -4414; -2335; 794; 
16912; 496; 1660; -3808; -2821; -3063; 1037; 
16456; 60; 936; -3776; -2619; -280; 1977; 
16788; 804; 712; -3792; 174; -1799; -2659; 
16532; 692; -148; -3792; 1266; -5067; -546; 
16464; 416; -1260; -3792; -1153; -6694; 1060; 
15196; 184; -1972; -3808; -1556; -4878; 579; 
16552; -1352; -3028; -3792; -1278; -2102; 1319; 
15700; -916; -3956; -3792; -2611; -4027; 1453; 
15020; -120; -4980; -3792; 44; -5248; -1359; 
14720; -448; -6304; -3792; 738; -4243; 1277; 
14344; -872; -7328; -3776; -102; -2727; 3214; 
13316; -932; -7532; -3792; 530; -1260; 2387; 
6156; 2352; 17244; -3792; 386; 6; -348; 
6220; 2256; 17260; -3792; 362; 26; -370; 
6144; 2276; 17040; -3792; 351; 17; -340; 
6192; 2328; 17248; -3808; 365; -4; -301; 
5900; 2420; 17276; -3776; 384; 34; -419; 
6124; 2292; 17160; -3792; 366; 11; -375; 
6216; 2364; 17236; -3776; 326; 3; -209; 
6088; 2312; 17088; -3792; 339; 4; -287; 
6180; 2412; 17220; -3792; 388; 8; -359; 
6076; 2276; 17308; -3792; 330; 7; -288; 
6136; 2336; 17220; -3760; 328; -14; -291; 
6148; 2424; 17276; -3808; 426; -2; -500; 
6120; 2332; 17204; -3792; 399; -6; -490; 
6136; 2508; 17236; -3808; 315; 18; -252; 
6200; 2432; 17160; -3792; 326; -16; -260; 
6376; 2344; 17200; -3776; 341; -21; -320; 
6236; 2368; 17104; -3776; 377; -18; -385; 
6112; 2556; 17224; -3776; 321; -19; -239; 
6092; 2392; 17248; -3792; 385; 0; -367; 
6104; 2396; 17468; -3760; 396; -256; -449; 
6116; 2420; 17160; -3808; 365; -9; -367; 
6148; 2420; 17372; -3792; 350; -6; -355; 
6004; 2472; 17200; -3744; 395; -348; -802; 
6124; 2248; 17300; -3776; -569; 144; 1936; 
6000; 2456; 17232; -3760; -214; -36; 561; 
5940; 2648; 17240; -3808; 2084; -131; -4647; 
6308; 3136; 17648; -3808; 217; -1641; -845; 
6488; 3532; 17428; -3776; 1405; -1217; -2016; 
6460; 4688; 16812; -3792; 3997; -2139; -4265; 
6604; 5344; 15856; -3792; 4343; -1543; -3159; 
6884; 6588; 15572; -3792; 5149; -2034; -3797; 
7148; 7128; 14768; -3808; 3586; -3281; -1897; 
7144; 7716; 14988; -3792; -120; -1126; 739; 
7188; 8460; 14776; -3776; 3340; -469; -2654; 
6808; 9284; 13560; -3792; 2689; -1307; -2429; 
7612; 8892; 13640; -3792; -3983; -1677; 3063; 
9236; 6396; 14876; -3776; -8867; -3651; 7780; 
9808; 4324; 14412; -3792; -7309; -1874; 4587; 
10792; 2292; 14876; -3776; -4659; -1578; 3326; 
10308; 928; 14484; -3808; -5889; -1439; 2459; 
11480; -644; 14824; -3824; -8093; -1078; 2425; 
11348; -2552; 13568; -3776; -5653; -3288; 3524; 
11844; -4508; 13360; -3792; -9625; -775; 6563; 
11672; -6396; 12600; -3808; -5873; -2413; 4383; 
11024; -7472; 11240; -3760; -5765; -2010; 4103; 
11020; -9188; 10100; -3792; -3773; -552; 2386; 
10952; -10856; 9964; -3760; -6993; -1207; 5304; 
10072; -11408; 8640; -3776; -2995; -614; 1776; 
9552; -12552; 7260; -3792; -4604; -1150; 2642; 
8520; -12924; 5764; -3792; -6562; -1583; 4407; 
9460; -13396; 6104; -3808; -2594; 394; 587; 
8428; -13496; 5324; -3792; -1584; 189; -27; 
8112; -14304; 4572; -3808; -2955; -554; 1852; 
7792; -14696; 3244; -3760; -7079; -1778; 6028; 
7100; -15496; 2392; -3776; -5199; -1183; 4535; 
5648; -15220; 1388; -3776; 362; 1122; -1983; 
6116; -15828; 816; -3728; -1546; -109; 1361; 
5404; -15288; 404; -3776; -4026; -646; 3701; 
4444; -15092; -640; -3760; -2074; -371; 644; 
4384; -15248; -816; -3792; -1991; -194; 1566; 
4256; -15408; -1176; -3776; -1586; -219; 701; 
4204; -15240; -1416; -3792; 627; 584; -1221; 
3772; -14616; -1728; -3744; 54; 216; -742; 
3464; -15208; -2412; -3776; -2584; 261; 2082; 
3228; -15356; -2736; -3744; -5320; -871; 4482; 
3376; -16404; -3868; -3776; -1282; -342; 1297; 
2264; -15108; -4080; -3792; 1741; 722; -1975; 
2260; -14824; -4008; -3776; 365; 146; -325; 
3580; -15288; -2648; -3792; 9945; 3289; -8940; 
5368; -15640; -404; -3776; 7998; 2498; -6266; 
6828; -15348; 1628; -3792; 10070; 1393; -7084; 
9004; -14580; 4648; -3808; 13297; 1664; -8180; 
9924; -12264; 7112; -3776; 16152; 2795; -10147; 
11144; -9632; 10044; -3776; 16796; 2644; -8471; 
10920; -7336; 11260; -3776; 13960; 2768; -7902; 
11332; -5216; 13052; -3808; 11574; 1766; -5036; 
11180; -1704; 14080; -3792; 10165; 1652; -6495; 
11116; 920; 14568; -3776; 7581; 2366; -3745; 
10616; 3676; 14832; -3792; 10426; 1971; -5181; 
9472; 6764; 14108; -3760; 10144; 4237; -5621; 
8848; 8872; 13476; -3808; 9353; 3054; -4197; 
7880; 9984; 12940; -3760; 5965; 2264; -3301; 
7488; 11420; 11976; -3760; 5104; 966; -4868; 
6376; 11812; 11880; -3808; 4340; 281; -2400; 
5952; 11888; 11064; -3760; 5648; 1007; -2942; 
5612; 13324; 10196; -3760; 3576; 1366; -1853; 
4640; 13576; 8988; -3776; 7340; 727; -4200; 
4620; 15188; 8072; -3760; 5007; 964; -3310; 
3132; 14940; 7096; -3776; 4655; -583; -2264; 
3056; 15392; 6004; -3776; 2839; 86; -1410; 
2840; 15964; 5676; -3760; 3044; 17; -2102; 
3064; 15888; 5308; -3760; 2224; -250; -1183; 
2508; 16228; 4596; -3824; 3717; -308; -1728; 
2024; 16580; 3852; -3776; 3349; -393; -1929; 
1664; 16108; 3052; -3776; 2801; 85; -1629; 
1760; 16872; 2264; -3792; 3499; -285; -1740; 
1236; 16368; 1708; -3776; 1742; -181; -964; 
1240; 16556; 1428; -3792; 887; -37; -355; 
1072; 16624; 1644; -3776; 2548; -333; -896; 
832; 16132; 1360; -3792; 2589; -649; -1032; 
832; 16816; 256; -3776; 3117; 50; -1518; 
632; 16584; -36; -3744; 3320; -194; -1324; 
448; 16604; -932; -3792; 3064; -432; -1037; 
52; 16092; -1392; -3776; 1792; -450; -797; 
76; 16056; -1412; -3792; -634; -365; -19; 
116; 16420; -988; -3776; 1962; -268; -672; 
-28; 16468; -1096; -3760; 1696; -19; -1130; 
-132; 16156; -2184; -3792; 3443; -314; -1272; 
-520; 15952; -2692; -3776; 3685; -381; -929; 
-504; 15668; -3824; -3776; 4461; -843; -735; 
-268; 15432; -4480; -3744; 4224; -533; -982; 
-868; 15316; -5176; -3744; 4088; -737; -1017; 
-1060; 15036; -5952; -3792; 5698; -596; -1663; 
-1200; 14140; -6736; -3760; 2915; -104; -1667; 
-1520; 13388; -7628; -3760; 3048; 609; -1188; 
-1652; 12772; -7980; -3744; 2252; 49; -662; 
-1536; 13420; -7820; -3808; 1645; -103; -682; 
-1792; 13512; -7964; -3760; 1701; -343; -835; 
-1796; 12836; -8720; -3744; -64; 91; -171; 
-1628; 12956; -8396; -3776; -2833; 34; 973; 
-864; 14068; -7424; -3760; -7017; 1262; 2848; 
68; 14276; -4944; -3760; -9529; 1539; 9514; 
2020; 15672; -3184; -3776; -12055; -1348; 13117; 
5292; 15264; 32; -3792; -17363; -4103; 12700; 
8636; 13868; 4252; -3760; -17441; -6487; 11946; 
11500; 14020; 7036; -3744; -17496; -6686; 12373; 
12012; 9304; 7000; -3760; -15664; -5980; 11430; 
13376; 8648; 7976; -3760; -7199; -4748; 4431; 
15092; 5772; 7432; -3744; -9468; -3997; 6710; 
15404; 3736; 7512; -3760; -8241; -2641; 6368; 
15444; 2248; 7564; -3776; -6052; -930; 4453; 
15100; -992; 6548; -3792; -8545; -946; 8235; 
15372; -924; 7548; -3792; -6137; -214; 4829; 
15596; -3124; 7028; -3776; -6183; -741; 6550; 
15188; -5628; 6884; -3776; -6783; -262; 5633; 
14912; -7128; 5672; -3760; -7062; 297; 4351; 
14152; -7940; 4892; -3776; -4817; -349; 3280; 
13020; -8312; 4304; -3744; -3521; -1610; 3105; 
13116; -9756; 3172; -3760; -5055; -1412; 5444; 
12976; -10728; 2640; -3792; -1327; 80; 1888; 
12980; -11296; 2324; -3744; -1741; -1470; 2543; 
12032; -11252; 1876; -3776; -280; -92; 119; 
12572; -10620; 2600; -3760; 6481; 3461; -5801; 
13076; -9428; 4212; -3776; 9446; 2979; -6286; 
14200; -8196; 6072; -3792; 9884; 3102; -5304; 
14728; -5136; 8404; -3776; 14141; 4996; -6703; 
13720; -3760; 10296; -3760; 9996; 10889; -3864; 
12924; -2908; 11992; -3776; 7764; 8541; 287; 
12088; -1900; 13572; -3776; 3438; 5319; -2491; 
10860; 184; 14800; -3760; 4680; 5165; -1368; 
9784; -564; 15040; -3744; 2796; 6157; 945; 
8928; -112; 16272; -3760; 1507; 7157; 495; 
7028; -520; 16476; -3744; -389; 5360; 1835; 
6848; -376; 17452; -3792; 2014; 2315; 649; 
6088; -196; 17608; -3792; 1280; 2950; 288; 
6044; 440; 17376; -3744; 1469; 505; 199; 
5752; 148; 17616; -3760; 1450; 1110; -1323; 
5232; 332; 18016; -3792; 271; 3367; -1033; 
5132; 364; 17752; -3744; 173; -15; 2133; 
4364; 584; 17592; -3776; 870; 1395; -1141; 
4480; 568; 17936; -3760; 408; 1869; 2063; 
3880; 444; 18212; -3776; 273; 773; 1373; 
3876; 292; 17820; -3744; 398; 425; -1120; 
3772; 252; 17956; -3792; 66; 2232; 138; 
3808; 360; 17496; -3744; 121; 71; 622; 
3788; 212; 17916; -3776; -197; 388; 814; 
3216; -92; 18104; -3760; 504; 565; 66; 
2816; -108; 17580; -3776; 247; 652; -1161; 
3244; 20; 18132; -3776; 665; 504; -479; 
3436; 720; 18076; -3744; 96; -8; -913; 
2464; -176; 18592; -3760; 493; 1689; -260; 
2900; 124; 18120; -3744; 322; -772; 419; 
2764; 224; 18332; -3776; 184; 963; -1277; 
2264; 292; 18368; -3760; 616; -96; -720; 
2536; 316; 18300; -3760; 988; -68; -707; 
2364; 460; 18236; -3776; 333; -229; -886; 
2488; 636; 18236; -3776; 168; -1710; -470; 
4560; -140; 18048; -3792; 2086; -1085; -3249; 
3384; 544; 18328; -3808; 3477; 270; -4293; 
3560; 1228; 18216; -3776; 231; -334; -496; 
3740; 1264; 18568; -3792; 2080; 510; -3893; 
4172; 2196; 18252; -3792; 4372; 1280; -7179; 
3188; 2140; 17956; -3744; -904; -875; 1700; 
3124; 1324; 18256; -3744; 1036; 1521; 124; 
2200; 2532; 18056; -3760; 2272; -206; -2039; 
2332; 2696; 17928; -3792; 5094; 1086; -2821; 
2000; 3944; 17640; -3776; 5524; -783; -3589; 
1416; 4972; 18092; -3776; 7909; 175; -2768; 
1400; 6420; 16936; -3728; 8516; 628; -4121; 
1668; 9432; 15692; -3744; 9493; 590; -2421; 
1580; 11044; 14584; -3776; 10141; -281; -4459; 
592; 11904; 13320; -3760; 7108; 973; -2328; 
-224; 13108; 11692; -3776; 8413; 140; -3011; 
-700; 13724; 10200; -3760; 8074; 1068; -3029; 
-1396; 15444; 8748; -3744; 7901; 270; -3571; 
-1756; 15348; 6828; -3760; 6523; 371; -3029; 
-2632; 15780; 5656; -3760; 6323; 1152; -2322; 
-3292; 15988; 4072; -3776; 6858; 597; -3209; 
-3628; 15912; 2596; -3760; 5571; 399; -2522; 
-3944; 16292; 1976; -3744; 3752; 1103; -1977; 
-4140; 15532; 856; -3760; 5432; 966; -1915; 
-4796; 15868; -240; -3744; 4200; 1125; -2017; 
-4900; 15460; -1376; -3760; 5148; 1075; -1859; 
-5452; 15216; -2584; -3808; 4620; 937; -2351; 
-5288; 14020; -3528; -3760; 3748; 687; -1199; 
-5576; 12948; -4556; -3776; 176; -769; 917; 
-5352; 14604; -3944; -3728; -5640; -2193; 3515; 
-4196; 14812; -240; -3760; -15939; -1862; 3445; 
-2668; 15840; 1592; -3744; -10119; -5598; 6337; 
-2220; 16136; 5936; -3728; -8120; 384; 1383; 
-864; 16132; 7376; -3760; -9432; 1232; 1296; 
-672; 13856; 9648; -3744; -16443; -4557; 3797; 
-16; 12644; 13232; -3760; -10470; 761; 3378; 
68; 11272; 14012; -3744; -9364; -934; 2518; 
892; 9516; 15764; -3760; -8339; 552; 2249; 
1372; 8320; 16032; -3776; -4445; -1160; 5132; 
1888; 6592; 15864; -3760; -8274; -4647; 4977; 
3516; 5060; 15752; -3776; -5782; -2151; 377; 
3268; 3880; 17916; -3760; -418; 517; -306; 
3148; 3892; 17624; -3776; 1339; 1021; -598; 
2676; 3436; 18012; -3776; -1686; 1361; 1829; 
3284; 3260; 18272; -3760; 973; -2743; 555; 
3360; 3628; 18048; -3744; 365; 169; -471; 
3004; 4160; 17880; -3792; -34; -62; 33; 
2996; 4192; 17804; -3776; 150; -40; -162; 
2936; 4448; 17440; -3728; 194; -76; -179; 
2876; 4216; 17748; -3776; 251; -61; -510; 
2840; 4180; 17704; -3760; 281; -58; -288; 
2560; 4168; 17420; -3776; 264; -52; -3; 
2932; 4224; 17740; -3760; 260; -31; -224; 
2824; 4208; 17580; -3760; 308; -25; -259; 
2884; 4072; 17668; -3776; 316; -27; -303; 
2948; 4112; 17640; -3776; 277; -35; -259; 
2964; 3892; 17788; -3760; 259; -55; -210; 
2036; 2892; 17984; -3760; -3349; 1835; 3913; 
1276; 2900; 17916; -3776; -2479; 2936; 495; 
1420; 2540; 18116; -3776; -3566; -2441; 2544; 
2132; 2456; 18092; -3760; 1883; -1042; -2031; 
2532; 2772; 18704; -3744; 1590; 288; -3178; 
1412; 3088; 18456; -3760; -3003; -407; 5101; 
2184; 3012; 18188; -3744; -682; -216; 1258; 
2192; 3056; 18208; -3792; 320; -93; -434; 
1664; 2968; 18296; -3776; -329; 362; 1278; 
1544; 2632; 18228; -3760; -1482; 103; 2263; 
1932; 2596; 18192; -3760; 521; -173; -718; 
1860; 2680; 18228; -3760; 786; -122; -1055; 
2208; 3612; 18220; -3744; -2695; -1105; 1508; 
2092; 2828; 18752; -3792; 5377; -1722; -4841; 
2200; 2772; 18260; -3776; 3272; 23; -4353; 
1844; 2820; 17728; -3744; 1286; -38; -1596; 
2016; 3156; 18008; -3744; 304; -54; -507; 
1776; 3420; 18036; -3760; -871; 2628; 2732; 
1620; 3072; 17888; -3744; 899; -304; -1117; 
1792; 2524; 17992; -3760; -1700; 82; 2628; 
1864; 2184; 18220; -3744; -2698; -239; 4878; 
1400; 1360; 18504; -3760; 808; 1583; 1472; 
3260; 804; 18864; -3744; -808; 1848; 3626; 
1508; 4568; 16708; -3792; 2552; -83; -2465; 
1616; 3180; 17660; -3744; -960; -234; 1727; 
2096; 2720; 18076; -3760; -355; -136; 530; 
1224; 3020; 18400; -3744; -464; 3415; 1540; 
1208; 2420; 18040; -3760; -1906; -2263; 2551; 
1472; 2576; 18072; -3776; 549; -373; -732; 
2408; 1564; 19400; -3776; -1679; -769; 3516; 
1956; 2272; 18292; -3744; 290; -24; -200; 
1836; 2284; 18220; -3760; 2042; -165; -2014; 
2000; 2048; 18332; -3776; -62; 56; 505; 
1672; 2292; 18324; -3760; 362; -17; -316; 
1868; 2156; 18292; -3776; 350; -34; -336; 
1708; 2140; 18060; -3760; 297; -10; -300; 
1776; 2184; 18328; -3744; 310; -5; -295; 
1804; 2120; 18256; -3776; 345; -8; -307; 
1708; 2184; 18156; -3760; 305; -21; -283; 
1680; 2124; 18164; -3760; 319; -9; -299; 
1852; 2176; 18212; -3744; 337; -13; -292; 
1696; 2116; 18212; -3760; 337; -37; -288; 
1852; 2088; 18312; -3776; 320; -15; -295; 
1752; 2216; 18264; -3728; 317; -10; -286; 
2032; 2076; 18172; -3760; 387; 19; -363; 
1856; 2104; 18240; -3776; 319; 51; -298; 
1768; 2044; 18284; -3776; 346; -18; -279; 
1700; 2268; 18212; -3760; 303; -2; -299; 
1728; 2100; 18344; -3792; 362; -31; -306; 
1692; 2080; 18380; -3760; 359; 251; -331; 
1692; 2084; 18300; -3744; 317; -10; -312; 
1704; 2136; 18280; -3760; 325; -31; -281; 
1688; 2116; 17928; -3776; 350; -19; -315; 
1780; 2084; 18256; -3760; 344; -21; -299; 
1704; 2176; 18300; -3744; 333; -13; -306; 
1764; 2112; 18164; -3776; 331; -3; -290; 
1732; 2100; 18160; -3760; 327; -2; -310; 
1592; 2020; 18384; -3776; 337; -14; -321; 
1852; 2040; 18200; -3760; 337; -14; -301; 
1620; 2264; 18356; -3776; 323; -6; -331; 
1776; 2052; 18412; -3760; 333; -9; -289; 
1692; 2108; 18156; -3744; 340; -25; -323; 
1692; 2068; 18340; -3744; 319; -251; -321; 
1740; 2036; 18144; -3728; 339; -30; -308; 
1600; 2076; 18300; -3760; 324; 2; -293; 
1776; 2068; 18272; -3760; 321; -22; -324; 
1632; 2168; 18260; -3760; 357; 5; -307; 
1692; 2144; 18316; -3776; 353; -22; -318; 
1704; 2120; 18184; -3760; 352; -26; -307; 
1752; 2140; 18204; -3744; 332; -20; -325; 
1736; 2124; 18196; -3760; 351; -16; -313; 
1740; 2084; 18256; -3792; 335; 2; -339; 
1688; 1860; 18108; -3776; 320; -20; -317; 
1676; 2148; 18380; -3760; 348; -10; -310; 
1720; 2104; 18276; -3744; 328; -12; -315; 
1800; 2028; 18264; -3744; 337; -29; -322; 
1644; 2116; 18184; -3728; 331; -20; -296; 
1680; 2288; 18244; -3744; 344; -18; -319; 
1776; 2200; 18136; -3760; 340; 7; -320; 
1724; 2152; 18304; -3760; 334; -21; -299; 
1644; 1852; 18388; -3776; 312; -25; -298; 
1756; 2128; 17972; -3744; 331; -9; -319; 
1628; 2192; 18232; -3712; 330; -14; -319; 
1804; 2144; 18172; -3744; 361; -36; -326; 
1756; 2052; 18068; -3776; 339; -11; -279; 
1672; 1980; 18196; -3792; 338; 6; -318; 
1712; 2048; 18324; -3744; 324; 2; -306; 
1680; 2076; 18416; -3760; 337; -14; -296; 
1684; 2080; 18240; -3776; 325; -12; -303; 
1676; 2080; 18200; -3760; 348; -25; -327; 
1636; 1884; 17940; -3744; 331; -11; -291; 
1668; 2196; 18276; -3744; 345; -9; -300; 
1760; 2000; 18292; -3760; 326; -10; -331; 
1580; 2020; 18212; -3744; 357; -31; -335; 
1668; 2124; 18116; -3776; 345; -22; -325; 
1720; 2004; 18316; -3792; 342; -12; -281; 
1664; 2032; 18184; -3744; 354; -23; -317; 
1676; 2068; 18156; -3760; 338; -23; -319; 
1744; 2164; 18404; -3776; 347; -21; -307; 
1540; 2116; 18212; -3728; 376; -36; -353; 
1744; 2040; 18268; -3776; 339; -60; -329; 
1704; 2068; 18356; -3760; 342; -2; -298; 
1992; 2292; 18024; -3776; 326; -4; -304; 
1664; 2092; 18296; -3776; 341; -24; -304; 
1708; 2100; 18268; -3760; 360; -10; -331; 
1684; 2032; 18252; -3744; 346; -20; -328; 
1468; 2104; 18416; -3728; 367; 253; -316; 
1720; 2064; 18444; -3760; 323; -17; -303; 
1888; 1948; 18180; -3776; 274; 81; -215; 
1756; 2116; 18244; -3728; 316; -20; -302; 
1696; 1996; 18180; -3744; 380; -27; -349; 
1680; 2048; 18200; -3760; 331; -47; -327; 
1648; 2052; 18216; -3744; 319; -22; -326; 
1712; 2296; 17984; -3760; 349; -17; -322; 
1736; 1796; 18312; -3744; 346; -24; -299; 
1680; 2040; 18292; -3760; 339; -14; -310; 
1732; 2056; 18364; -3776; 351; -24; -326; 
1708; 2144; 18372; -3744; 325; -16; -323; 
1720; 2072; 18244; -3744; 327; -23; -322; 
1764; 1920; 18312; -3760; 344; -37; -309; 
1700; 2124; 18264; -3776; 358; -30; -328; 
1588; 2008; 18000; -3776; 343; -14; -309; 
1772; 2004; 18176; -3760; 338; -16; -326; 
1536; 2276; 18280; -3776; 347; -26; -315; 
1772; 2048; 18224; -3760; 328; -17; -317; 
1740; 2064; 18220; -3744; 350; -42; -294; 
1636; 2084; 18244; -3760; 346; -24; -316; 
1724; 2028; 18360; -3744; 332; -23; -324; 
1736; 2292; 18304; -3696; 323; -20; -295; 
1696; 2272; 18252; -3760; 337; -18; -334; 
1944; 1824; 18360; -3744; 338; -35; -330; 
1720; 2300; 18064; -3744; 348; -29; -319; 
1780; 1984; 18380; -3792; 344; -15; -310; 
1616; 2012; 18136; -3744; 352; -16; -318; 
1696; 2020; 18264; -3760; 338; -24; -326; 
1760; 2052; 18220; -3744; 355; -7; -306; 
1684; 1960; 18256; -3728; 351; -41; -312; 
1720; 2068; 18288; -3744; 325; -22; -315; 
1748; 2104; 18284; -3760; 353; -1; -321; 
1768; 1912; 18144; -3744; 311; -3; -296; 
1620; 2244; 18380; -3776; 344; -13; -323; 
1688; 1964; 18360; -3792; 352; -13; -304; 
1736; 2096; 18164; -3792; 340; -24; -314; 
1772; 2028; 18360; -3776; 337; -33; -298; 
1696; 2044; 18300; -3744; 341; -19; -323; 
1764; 2240; 18188; -3776; 355; -18; -300; 
1768; 2056; 18204; -3760; 325; -5; -326; 
1744; 2044; 18184; -3744; 340; -13; -294; 
1704; 1988; 18108; -3760; 399; -17; -359; 
1688; 1972; 18252; -3744; 404; -39; -346; 
1672; 2048; 18328; -3760; 359; -25; -317; 
1740; 2096; 18352; -3744; 359; -14; -332; 
1744; 2092; 18400; -3744; 343; -26; -305; 
1616; 1992; 18044; -3760; 319; -255; -303; 
1668; 1964; 18192; -3728; 332; -18; -296; 
1692; 2016; 18240; -3776; 332; -16; -306; 
1740; 2028; 18264; -3760; 366; -42; -310; 
1748; 1992; 18376; -3776; 331; -18; -315; 
1732; 2048; 18184; -3744; 344; 19; -297; 
1716; 1980; 18196; -3776; 333; -37; -296; 
1624; 1964; 18180; -3744; 348; -30; -317; 
1704; 1980; 18300; -3760; 320; -5; -314; 
1704; 2048; 18168; -3744; 349; -35; -320; 
1708; 2044; 18216; -3728; 293; 12; -320; 
1688; 2068; 18384; -3744; 326; -65; -291; 
1740; 2276; 18032; -3744; 329; -19; -320; 
1544; 2064; 18584; -3760; 347; -9; -323; 
1712; 2056; 18256; -3744; 351; -33; -319; 
1712; 2036; 18072; -3760; 338; -8; -328; 
1584; 1792; 18280; -3744; 339; 7; -305; 
1712; 2024; 18384; -3744; 331; -21; -285; 
1720; 2052; 18204; -3728; 345; -17; -314; 
1676; 2056; 18456; -3760; 376; 22; -291; 
1792; 2072; 18252; -3744; 339; -10; -293; 
1668; 2240; 18008; -3744; 333; -57; -329; 
1772; 2012; 18292; -3728; 334; -30; -322; 
1668; 2240; 18424; -3744; 333; -25; -300; 
1788; 2092; 18224; -3760; 331; -49; -309; 
1756; 2032; 18256; -3712; 344; -12; -309; 
1724; 2148; 18344; -3744; 351; -23; -312; 
1692; 2076; 18364; -3760; 339; -22; -304; 
1724; 1860; 18248; -3744; 356; -11; -304; 
1696; 2052; 18340; -3792; 348; -11; -313; 
1680; 1976; 18176; -3744; 352; -26; -309; 
1776; 2064; 18344; -3744; 373; -19; -326; 
1672; 1972; 18408; -3760; 329; -43; -306; 
1624; 1984; 18376; -3744; 321; -19; -323; 
1664; 2032; 18320; -3744; 344; -25; -309; 
1724; 2056; 18152; -3760; 337; -24; -312; 
1688; 1968; 18208; -3744; 321; -16; -311; 
1712; 2244; 17996; -3728; 364; -34; -341; 
1768; 1992; 18312; -3776; 330; -41; -315; 
1984; 1964; 18184; -3776; 372; 29; -342; 
1576; 1964; 18168; -3728; 353; 4; -305; 
1648; 1960; 18316; -3712; 344; -42; -289; 
1664; 2100; 18200; -3744; 380; 17; -246; 
1736; 2020; 18140; -3728; 317; -140; -301; 
1756; 2092; 18168; -3760; 287; -73; -336; 
1672; 2052; 18168; -3776; 358; 16; -336; 
1736; 1948; 18224; -3744; 343; 5; -320; 
1808; 1992; 18324; -3760; 331; 6; -321; 
1720; 2004; 18236; -3728; 360; -22; -310; 
1756; 1972; 18228; -3744; 341; -9; -312; 
1672; 1980; 18212; -3744; 355; -12; -323; 
1704; 1964; 18356; -3776; 373; 26; -316; 
1744; 2168; 18284; -3728; 346; -90; -337; 
1624; 2284; 18248; -3760; 351; 6; -317; 
1836; 2052; 18272; -3744; 340; -70; -325; 
1572; 1976; 18228; -3744; 312; -12; -304; 
1740; 2024; 18156; -3744; 336; -4; -319; 
1640; 1800; 18212; -3760; 347; -25; -298; 
1696; 2032; 18300; -3728; 363; -7; -315; 
1748; 1904; 18252; -3760; 343; 11; -249; 
1756; 2084; 18180; -3728; 301; -132; -327; 
1660; 1992; 18372; -3744; 331; -43; -346; 
1784; 2152; 18436; -3744; 342; 14; -316; 
1652; 2000; 18368; -3776; 335; 16; -313; 
1588; 2004; 18080; -3776; 331; -5; -294; 
1636; 2100; 18344; -3744; 309; 1; -315; 
1732; 2052; 18256; -3744; 342; -16; -327; 
1728; 1940; 18340; -3760; 340; -39; -297; 
1756; 2260; 18180; -3744; 336; 21; -330; 
1640; 2032; 18316; -3760; 340; -7; -331; 
1656; 2100; 18264; -3728; 299; -98; -287; 
1720; 1872; 18292; -3792; 400; 76; -294; 
1800; 1920; 18324; -3744; 362; -46; -302; 
1616; 1872; 18260; -3712; 276; -143; -363; 
1792; 2012; 18264; -3744; 347; 52; -277; 
1644; 2128; 18232; -3760; 350; 0; -353; 
1552; 1976; 18188; -3760; 443; 101; -275; 
1752; 2068; 18428; -3760; 370; -16; -279; 
1724; 2164; 18144; -3776; 337; -27; -283; 
1664; 1980; 18212; -3744; 335; -29; -307; 
1704; 1952; 17944; -3760; 354; -26; -332; 
1720; 2088; 18288; -3728; 358; -29; -329; 
1688; 2284; 18336; -3760; 351; -24; -311; 
1776; 1904; 18292; -3744; 343; -34; -338; 
1616; 1980; 18316; -3744; 324; -13; -305; 
1600; 1792; 18184; -3744; 348; -21; -310; 
1660; 2016; 18208; -3776; 352; 2; -307; 
1664; 2024; 18288; -3744; 319; -29; -316; 
1708; 2056; 18264; -3760; 326; -20; -312; 
1704; 2000; 18288; -3760; 328; 15; -280; 
1612; 2020; 18212; -3776; 320; -36; -314; 
1580; 1852; 18280; -3744; 374; -51; -322; 
1692; 2060; 18292; -3744; 311; -30; -293; 
1600; 1800; 18256; -3776; 319; -5; -317; 
1696; 1956; 18148; -3760; 343; -28; -311; 
1720; 2048; 18244; -3728; 326; -13; -333; 
1628; 1948; 18284; -3760; 343; -3; -284; 
1648; 2040; 18324; -3744; 351; -40; -325; 
1612; 2068; 18448; -3712; 338; -79; -311; 
1684; 2044; 18228; -3760; 322; -145; -338; 
1684; 1884; 18256; -3776; 335; 7; -289; 
1660; 2008; 18292; -3744; 358; 41; -297; 
1676; 2044; 18256; -3760; 328; -16; -295; 
1700; 2072; 18288; -3760; 354; 6; -290; 
1692; 1928; 18272; -3744; 341; -17; -317; 
1668; 1876; 18160; -3744; 327; -46; -313; 
1688; 2020; 18164; -3728; 336; -10; -301; 
1748; 2260; 18208; -3760; 349; -24; -316; 
1604; 1976; 18252; -3776; 331; -17; -316; 
1684; 2232; 18300; -3744; 337; -25; -328; 
1692; 2048; 18320; -3728; 334; -22; -325; 
1640; 1944; 18592; -3728; 350; -19; -311; 
1688; 2048; 18300; -3744; 357; -15; -308; 
1720; 1968; 18312; -3776; 324; -17; -317; 
1660; 2224; 18400; -3744; 323; -19; -325; 
1644; 1920; 18284; -3728; 377; 11; -281; 
1584; 1804; 18336; -3776; 371; -27; -281; 
1604; 2020; 18460; -3760; 354; 0; -347; 
1696; 2260; 18176; -3760; 373; -114; -338; 
1652; 2084; 18344; -3744; 308; 28; -341; 
1796; 1952; 18340; -3776; 354; 21; -319; 
1668; 1816; 18372; -3744; 297; -194; -362; 
1768; 2000; 18204; -3728; 391; 75; -296; 
1732; 2272; 18396; -3760; 364; 29; -323; 
1708; 2032; 18200; -3712; 319; -122; -318; 
1376; 2084; 18356; -3728; 357; -33; -335; 
1696; 1944; 18204; -3760; 375; 17; -305; 
1676; 2136; 18244; -3744; 330; -52; -333; 
1608; 1992; 18264; -3728; 391; 13; -292; 
1592; 2156; 18156; -3744; 328; -101; -364; 
1688; 1992; 18328; -3760; 339; -23; -316; 
1604; 1980; 18188; -3744; 363; -13; -333; 
1640; 2016; 18324; -3712; 334; -9; -291; 
1688; 2012; 18428; -3744; 360; -52; -314; 
1688; 2016; 18288; -3792; 340; -254; -308; 
1648; 2232; 18324; -3760; 344; -3; -327; 
1708; 1856; 18212; -3744; 337; -10; -333; 
1668; 2112; 18036; -3744; 356; -23; -314; 
1648; 2100; 18300; -3760; 346; -13; -318; 
1668; 1964; 17980; -3760; 355; -30; -345; 
1652; 1952; 18236; -3744; 327; -8; -289; 
1724; 1896; 18056; -3776; 372; 4; -345; 
1628; 2008; 18368; -3776; 331; -42; -340; 
1604; 2020; 18332; -3760; 340; -7; -318; 
1708; 1808; 17968; -3744; 418; -55; -336; 
1736; 1996; 18240; -3712; 377; -31; -355; 
1740; 1792; 18268; -3728; 343; -28; -319; 
1696; 2080; 18172; -3760; 320; -28; -308; 
1608; 2008; 18216; -3776; 342; -34; -335; 
1736; 2024; 18196; -3712; 331; -12; -345; 
1632; 2028; 18260; -3728; 392; -38; -301; 
1752; 2020; 18216; -3760; 336; -29; -320; 
1660; 2012; 18292; -3744; 334; -24; -288; 
1652; 1860; 18276; -3744; 322; -12; -310; 
1628; 1976; 18180; -3728; 361; -28; -318; 
1636; 1984; 18060; -3728; 344; -23; -311; 
1708; 2008; 18256; -3776; 361; -19; -325; 
1672; 2024; 18232; -3776; 379; 252; -336; 
1588; 2008; 18236; -3744; 367; -23; -306; 
1684; 2016; 18108; -3760; 335; -14; -305; 
1552; 2204; 18392; -3760; 348; 3; -323; 
1664; 2028; 18300; -3776; 323; -22; -298; 
1708; 2028; 18360; -3744; 350; -19; -317; 
1720; 1980; 18288; -3760; 334; -19; -317; 
1632; 2244; 18400; -3728; 346; -256; -323; 
1696; 2024; 18312; -3728; 341; -16; -312; 
1608; 1992; 18052; -3744; 341; -34; -307; 
1676; 2296; 18308; -3712; 329; -6; -274; 
1664; 2040; 18196; -3728; 331; -3; -301; 
1608; 1992; 18380; -3744; 338; 5; -320; 
1668; 1936; 18176; -3744; 347; -16; -313; 
1680; 1812; 18204; -3744; 345; -17; -324; 
1676; 2064; 18220; -3760; 328; -13; -323; 
1696; 1804; 18300; -3776; 354; -17; -321; 
1676; 1820; 18392; -3712; 318; -22; -325; 
1720; 2052; 18284; -3728; 350; -28; -297; 
1672; 1984; 18140; -3760; 307; -255; -297; 
1648; 2048; 18240; -3776; 346; -28; -340; 
1724; 2088; 18220; -3760; 305; -22; -316; 
1628; 1944; 18232; -3760; 346; -34; -309; 
1632; 1912; 18300; -3744; 308; -44; -294; 
1696; 1856; 18300; -3792; 326; -5; -305; 
1572; 2024; 18292; -3744; 319; -8; -318; 
1712; 2228; 18256; -3744; 329; -5; -325; 
1652; 2240; 18244; -3744; 321; 16; -300; 
1688; 1992; 18100; -3776; 344; -15; -327; 
1664; 2024; 18184; -3760; 331; -13; -292; 
1572; 2012; 18128; -3744; 345; -34; -313; 
1732; 2048; 18308; -3744; 339; -28; -326; 
1696; 2032; 18056; -3728; 318; -26; -311; 
1600; 1960; 18212; -3776; 336; 12; -339; 
1692; 1976; 18184; -3760; 332; -256; -317; 
1672; 2008; 18204; -3760; 331; -23; -288; 
1596; 2024; 18256; -3776; 339; -26; -344; 
1780; 2300; 18312; -3728; 329; 1; -326; 
1660; 1952; 18380; -3744; 324; -24; -290; 
1664; 1840; 18024; -3776; 349; -10; -342; 
1752; 1816; 18336; -3744; 322; -7; -318; 
1624; 2088; 18268; -3744; 343; -18; -305; 
1724; 1956; 18020; -3760; 314; -31; -323; 
1616; 2056; 18288; -3760; 346; -13; -315; 
1636; 1964; 18292; -3744; 362; -21; -312; 
1632; 2024; 18308; -3760; 338; -254; -345; 
1644; 1948; 18448; -3792; 333; -25; -300; 
1656; 1884; 18108; -3744; 324; -7; -322; 
1768; 1844; 18276; -3760; 338; -8; -307; 
1676; 2040; 18288; -3760; 330; -34; -318; 
1744; 1952; 17964; -3744; 369; -27; -309; 
1632; 2260; 17992; -3760; 330; -254; -321; 
1628; 1808; 18200; -3744; 344; -42; -294; 
1636; 1892; 18212; -3760; 337; -15; -304; 
1724; 2032; 18136; -3760; 317; -10; -336; 
1652; 2000; 18272; -3776; 346; -3; -312; 
1696; 1948; 18320; -3728; 336; -2; -305; 
1624; 1996; 18116; -3760; 336; -9; -290; 
1684; 1944; 18276; -3744; 336; -46; -333; 
1664; 1960; 18280; -3744; 358; -19; -305; 
1636; 2024; 18316; -3760; 332; -45; -299; 
1560; 1996; 18220; -3760; 318; -34; -309; 
1620; 1972; 18320; -3776; 338; -20; -320; 
1680; 1988; 18292; -3776; 346; -20; -342; 
1716; 2280; 18192; -3760; 369; -20; -332; 
1660; 1976; 18348; -3776; 340; -13; -305; 
1680; 1816; 18068; -3760; 329; -25; -322; 
1652; 1940; 18184; -3744; 349; -34; -310; 
1716; 2020; 18272; -3728; 339; 13; -328; 
1696; 2020; 18368; -3776; 358; -21; -336; 
1736; 1932; 18108; -3776; 355; -5; -304; 
1660; 2064; 18328; -3760; 346; -19; -316; 
1564; 2040; 18252; -3760; 340; -20; -316; 
1636; 2012; 18264; -3744; 316; -12; -327; 
1556; 2300; 18044; -3760; 358; -24; -316; 
1696; 2000; 18420; -3744; 344; -3; -359; 
1676; 2272; 18244; -3744; 349; -10; -321; 
1644; 2084; 18224; -3776; 351; -18; -334; 
1660; 1992; 18292; -3760; 362; -27; -343; 
1644; 1936; 18196; -3712; 332; -19; -302; 
1676; 1936; 18288; -3728; 358; -14; -321; 
1684; 2008; 18092; -3776; 340; -18; -295; 
1628; 1984; 18296; -3760; 351; -41; -320; 
1632; 2012; 18392; -3760; 345; -25; -351; 
1712; 2008; 18424; -3712; 353; -13; -335; 
1660; 2048; 18228; -3728; 347; -42; -306; 
1684; 1956; 18392; -3776; 332; -7; -323; 
1596; 2268; 18132; -3744; 338; -27; -324; 
1632; 1908; 18244; -3744; 406; -23; -314; 
1684; 2004; 18312; -3712; 331; -10; -332; 
1692; 1992; 18256; -3760; 333; -30; -313; 
1624; 2068; 18260; -3744; 336; -37; -339; 
1540; 2008; 18284; -3760; 351; -2; -303; 
1748; 1952; 18244; -3712; 336; -8; -328; 
1680; 1948; 17972; -3744; 339; -23; -317; 
1668; 2276; 18356; -3760; 371; -6; -308; 
1716; 2148; 18220; -3776; 316; -17; -312; 
1408; 2000; 18328; -3744; 297; -12; -304; 
1664; 1932; 18460; -3744; 342; -20; -291; 
1648; 1980; 18336; -3760; 326; -21; -310; 
1680; 1932; 18348; -3776; 327; -12; -319; 
1636; 2032; 18152; -3744; 325; -33; -326; 
1584; 2016; 18284; -3760; 339; -254; -332; 
1676; 1988; 18300; -3760; 344; -24; -320; 
1676; 1956; 18072; -3744; 353; -25; -309; 
1688; 1976; 18216; -3760; 327; -27; -312; 
1636; 2012; 18356; -3744; 328; -8; -315; 
1668; 1964; 18256; -3728; 329; -23; -306; 
1660; 1796; 18168; -3776; 330; -8; -289; 
1668; 2044; 18328; -3728; 338; 249; -316; 
1808; 2048; 18148; -3760; 373; -42; -317; 
1644; 1980; 18148; -3744; 346; -14; -291; 
1628; 1968; 18196; -3744; 349; -26; -347; 
1684; 2040; 18172; -3728; 367; -29; -337; 
1616; 2140; 18288; -3760; 352; -11; -320; 
1592; 1976; 18240; -3744; 342; -23; -336; 
1828; 1796; 18280; -3760; 329; -25; -308; 
1724; 2220; 18388; -3728; 344; -255; -292; 
1700; 2076; 18248; -3744; 332; -4; -328; 
1608; 1988; 18236; -3744; 346; -57; -310; 
1676; 1920; 18344; -3776; 354; -29; -310; 
1608; 1984; 18264; -3776; 364; -41; -306; 
1644; 2064; 18356; -3728; 332; -16; -330; 
1624; 2068; 18296; -3808; 347; -6; -301; 
1652; 1980; 18180; -3760; 327; -20; -313; 
1628; 1976; 18188; -3728; 359; -17; -290; 
1652; 1960; 18160; -3760; 325; -16; -295; 
1632; 1976; 18616; -3776; 326; -248; -320; 
1656; 2000; 18180; -3760; 333; -15; -318; 
1668; 2056; 18416; -3744; 334; -11; -302; 
1748; 2128; 18344; -3760; 324; -18; -297; 
1668; 1968; 18220; -3776; 341; -40; -315; 
1716; 2032; 18332; -3792; 313; -5; -290; 
1704; 1980; 18208; -3776; 334; 14; -310; 
1668; 1920; 18144; -3776; 345; -17; -321; 
1704; 2004; 18288; -3760; 337; 244; -330; 
1516; 2028; 18260; -3744; 316; -22; -298; 
1700; 2036; 18228; -3744; 341; -38; -359; 
1620; 2004; 18348; -3776; 345; -35; -303; 
1616; 2028; 18312; -3744; 351; -19; -327; 
1672; 2036; 18184; -3728; 345; -29; -331; 
1648; 1992; 18280; -3744; 335; -38; -341; 
1696; 1896; 18236; -3744; 340; -24; -323; 
1660; 1940; 18188; -3776; 349; -21; -319; 
1704; 2016; 18252; -3728; 350; -20; -312; 
1712; 1928; 18248; -3760; 321; -14; -282; 
1652; 1940; 18292; -3776; 321; 3; -314; 
1660; 2072; 18192; -3760; 343; -8; -286; 
1672; 1948; 18124; -3760; 340; -18; -327; 
1612; 2032; 18348; -3776; 346; -44; -344; 
1604; 2056; 18208; -3776; 320; -15; -300; 
1672; 1948; 18344; -3776; 344; -31; -299; 
1784; 1984; 18308; -3760; 364; -23; -320; 
1536; 2088; 18328; -3760; 321; -23; -350; 
1600; 1876; 18312; -3776; 328; -16; -286; 
1668; 1892; 18332; -3776; 315; -6; -265; 
1664; 1820; 18320; -3712; 360; -30; -319; 
1668; 2268; 18324; -3760; 339; -9; -304; 
1636; 2024; 18200; -3744; 321; 12; -312; 
1628; 2084; 18244; -3760; 337; -30; -291; 
1732; 1960; 18360; -3744; 368; -17; -305; 
1640; 1896; 18424; -3760; 336; 15; -318; 
1668; 1996; 18240; -3776; 347; -29; -322; 
1644; 1932; 18376; -3776; 333; 10; -308; 
1656; 2020; 18268; -3760; 331; -26; -311; 
1608; 1920; 17948; -3776; 320; -14; -313; 
1580; 2016; 18328; -3760; 354; -9; -314; 
1636; 1984; 18340; -3744; 348; -23; -309; 
1624; 1948; 18292; -3744; 349; -10; -282; 
1636; 2068; 18272; -3760; 324; -5; -311; 
1704; 1896; 18124; -3760; 357; -42; -308; 
1788; 1944; 18340; -3744; 311; -23; -345; 
1628; 2016; 18296; -3776; 341; -15; -324; 
1696; 1928; 18200; -3728; 303; -31; -311; 
1588; 2084; 18308; -3744; 353; -250; -327; 
1676; 1968; 18236; -3776; 374; -48; -340; 
1560; 2028; 18184; -3728; 362; -37; -346; 
1568; 2056; 17968; -3776; 348; -23; -338; 
1708; 2084; 18364; -3760; 339; -27; -306; 
1676; 2000; 18340; -3712; 329; -23; -274; 
1612; 2060; 18332; -3760; 368; -5; -331; 
